contract,total_bars,valid_bars,pre_break_excluded,retention_fraction
ES,1604333,359581,975392,0.22413114982986698
NQ,1387546,811012,0,0.5844937753415022
RTY,675791,423776,0,0.6270814497381587
